model,test_id,category,gt_rank,acceptable_rank,top1,top3,top5,rr,hard_neg_pass,latency_sec
qwen3-embedding:0.6b,E01,Easy,1,1,True,True,True,1.0,True,0.04514819999999986
qwen3-embedding:0.6b,E02,Easy,2,2,False,True,True,0.5,True,0.028707900000000564
qwen3-embedding:0.6b,E03,Easy,1,1,True,True,True,1.0,True,0.028647700000000498
qwen3-embedding:0.6b,E04,Easy,1,1,True,True,True,1.0,True,0.028101300000001217
qwen3-embedding:0.6b,E05,Easy,1,1,True,True,True,1.0,True,0.02828689999999945
qwen3-embedding:0.6b,E06,Easy,1,1,True,True,True,1.0,True,0.027734799999999282
qwen3-embedding:0.6b,E07,Easy,1,1,True,True,True,1.0,True,0.02781589999999845
qwen3-embedding:0.6b,E08,Easy,1,1,True,True,True,1.0,True,0.027912900000000462
qwen3-embedding:0.6b,E10,Easy,1,1,True,True,True,1.0,True,0.02793819999999947
qwen3-embedding:0.6b,M01,Medium,66,66,False,False,False,0.015151515151515152,True,0.02774890000000063
qwen3-embedding:0.6b,M02,Medium,5,5,False,False,True,0.2,False,0.02828129999999973
qwen3-embedding:0.6b,M03,Medium,1,1,True,True,True,1.0,True,0.027338200000000867
qwen3-embedding:0.6b,M04,Medium,2,2,False,True,True,0.5,False,0.02731660000000069
qwen3-embedding:0.6b,M05,Medium,1,1,True,True,True,1.0,True,0.027529099999998863
qwen3-embedding:0.6b,M06,Medium,11,11,False,False,False,0.09090909090909091,False,0.11001629999999984
qwen3-embedding:0.6b,M07,Medium,1,1,True,True,True,1.0,True,0.028321999999999292
qwen3-embedding:0.6b,M08,Medium,1,1,True,True,True,1.0,True,0.027902600000000888
qwen3-embedding:0.6b,M10,Medium,5,5,False,False,True,0.2,False,0.02854370000000017
qwen3-embedding:0.6b,H01,Hard,80,146,False,False,False,0.0125,False,0.028258900000000864
qwen3-embedding:0.6b,H02,Hard,121,253,False,False,False,0.008264462809917356,False,0.028029599999999988
qwen3-embedding:0.6b,H03,Hard,22,30,False,False,False,0.045454545454545456,False,0.028500300000001033
qwen3-embedding:0.6b,H04,Hard,1,2,True,True,True,1.0,True,0.027880700000000758
qwen3-embedding:0.6b,H05,Hard,3,12,False,True,True,0.3333333333333333,True,0.02836019999999806
qwen3-embedding:0.6b,H06,Hard,2,6,False,True,True,0.5,True,0.027570499999999498
qwen3-embedding:0.6b,H07,Hard,14,1,False,False,False,0.07142857142857142,True,0.027931999999999846
qwen3-embedding:0.6b,H08,Hard,4,4,False,False,True,0.25,False,0.027887299999999726
qwen3-embedding:0.6b,H10,Hard,1,31,True,True,True,1.0,True,0.028110200000000418
qwen3-embedding:0.6b,C01,구어체,1,1,True,True,True,1.0,True,0.02777150000000006
qwen3-embedding:0.6b,C02,구어체,1,1,True,True,True,1.0,True,0.027272500000002253
qwen3-embedding:0.6b,C03,구어체,2,2,False,True,True,0.5,True,0.027313899999999336
qwen3-embedding:0.6b,C04,구어체,1,1,True,True,True,1.0,True,0.028450400000000542
qwen3-embedding:0.6b,C05,구어체,1,1,True,True,True,1.0,True,0.02804649999999853
qwen3-embedding:0.6b,C06,구어체,1,1,True,True,True,1.0,True,0.02797769999999744
qwen3-embedding:0.6b,C07,구어체,1,1,True,True,True,1.0,True,0.02842240000000018
qwen3-embedding:0.6b,C08,구어체,1,1,True,True,True,1.0,True,0.027878300000001133
qwen3-embedding:0.6b,C09,구어체,1,1,True,True,True,1.0,True,0.027673300000000012
qwen3-embedding:0.6b,C10,구어체,1,1,True,True,True,1.0,True,0.02835200000000171
qwen3-embedding:0.6b,T01,오타,9,9,False,False,False,0.1111111111111111,False,0.027987099999997156
qwen3-embedding:0.6b,T02,오타,1,1,True,True,True,1.0,True,0.02784730000000124
qwen3-embedding:0.6b,T03,오타,2,2,False,True,True,0.5,True,0.027632100000001714
qwen3-embedding:0.6b,T04,오타,1,1,True,True,True,1.0,True,0.028448399999998486
qwen3-embedding:0.6b,T05,오타,1,1,True,True,True,1.0,True,0.027796099999999768
qwen3-embedding:0.6b,T06,오타,1,1,True,True,True,1.0,True,0.02753969999999839
qwen3-embedding:0.6b,T07,오타,1,1,True,True,True,1.0,True,0.026803600000000927
qwen3-embedding:0.6b,T08,오타,1,1,True,True,True,1.0,True,0.02698100000000281
qwen3-embedding:0.6b,T09,오타,1,1,True,True,True,1.0,True,0.027252699999998242
qwen3-embedding:0.6b,T10,오타,1,1,True,True,True,1.0,True,0.02687350000000066
qwen3-embedding:0.6b,L01,긴질문,20,20,False,False,False,0.05,True,0.03255370000000113
qwen3-embedding:0.6b,L02,긴질문,5,5,False,False,True,0.2,True,0.03170889999999815
qwen3-embedding:0.6b,L03,긴질문,35,1,False,False,False,0.02857142857142857,False,0.03372699999999895
qwen3-embedding:0.6b,L04,긴질문,1,1,True,True,True,1.0,True,0.032718499999997874
qwen3-embedding:0.6b,L05,긴질문,1,1,True,True,True,1.0,True,0.03623539999999892
qwen3-embedding:0.6b,L06,긴질문,2,2,False,True,True,0.5,True,0.033719399999998956
qwen3-embedding:0.6b,L07,긴질문,1,1,True,True,True,1.0,True,0.03310059999999737
qwen3-embedding:0.6b,L08,긴질문,1,1,True,True,True,1.0,True,0.03546800000000161
qwen3-embedding:0.6b,L09,긴질문,1,1,True,True,True,1.0,True,0.033940699999998714
qwen3-embedding:0.6b,L10,긴질문,1,1,True,True,True,1.0,True,0.03428570000000164
bge-m3,E01,Easy,1,1,True,True,True,1.0,True,0.017457499999999015
bge-m3,E02,Easy,3,3,False,True,True,0.3333333333333333,True,0.01216750000000033
bge-m3,E03,Easy,1,1,True,True,True,1.0,True,0.012285400000003222
bge-m3,E04,Easy,2,2,False,True,True,0.5,True,0.011376999999999526
bge-m3,E05,Easy,1,1,True,True,True,1.0,True,0.01109090000000279
bge-m3,E06,Easy,1,1,True,True,True,1.0,True,0.01105789999999729
bge-m3,E07,Easy,1,1,True,True,True,1.0,True,0.01220079999999868
bge-m3,E08,Easy,1,1,True,True,True,1.0,True,0.011225199999998381
bge-m3,E10,Easy,1,1,True,True,True,1.0,True,0.011102499999999793
bge-m3,M01,Medium,10,10,False,False,False,0.1,True,0.011200500000001057
bge-m3,M02,Medium,2,2,False,True,True,0.5,False,0.011418300000002546
bge-m3,M03,Medium,1,1,True,True,True,1.0,True,0.01677609999999774
bge-m3,M04,Medium,1,1,True,True,True,1.0,True,0.011130500000000154
bge-m3,M05,Medium,9,9,False,False,False,0.1111111111111111,True,0.011043199999999587
bge-m3,M06,Medium,5,5,False,False,True,0.2,False,0.011084200000002653
bge-m3,M07,Medium,1,1,True,True,True,1.0,True,0.011123399999998895
bge-m3,M08,Medium,1,1,True,True,True,1.0,True,0.01111309999999932
bge-m3,M10,Medium,2,2,False,True,True,0.5,False,0.011131899999998751
bge-m3,H01,Hard,9,39,False,False,False,0.1111111111111111,True,0.011137800000000198
bge-m3,H02,Hard,8,54,False,False,False,0.125,False,0.012227000000002874
bge-m3,H03,Hard,1,20,True,True,True,1.0,True,0.012915599999999472
bge-m3,H04,Hard,1,2,True,True,True,1.0,True,0.012322400000002176
bge-m3,H05,Hard,1,7,True,True,True,1.0,True,0.01256090000000043
bge-m3,H06,Hard,1,2,True,True,True,1.0,True,0.013558499999998475
bge-m3,H07,Hard,2,1,False,True,True,0.5,True,0.013823099999999755
bge-m3,H08,Hard,1,1,True,True,True,1.0,True,0.012786200000000747
bge-m3,H10,Hard,1,30,True,True,True,1.0,True,0.015024800000002614
bge-m3,C01,구어체,1,1,True,True,True,1.0,True,0.012944699999998477
bge-m3,C02,구어체,1,1,True,True,True,1.0,True,0.015680400000000816
bge-m3,C03,구어체,1,1,True,True,True,1.0,True,0.01636399999999938
bge-m3,C04,구어체,1,1,True,True,True,1.0,True,0.01382939999999877
bge-m3,C05,구어체,1,1,True,True,True,1.0,True,0.013512900000002048
bge-m3,C06,구어체,1,1,True,True,True,1.0,True,0.013656099999998617
bge-m3,C07,구어체,1,1,True,True,True,1.0,True,0.01394379999999984
bge-m3,C08,구어체,1,1,True,True,True,1.0,True,0.013899599999998458
bge-m3,C09,구어체,1,1,True,True,True,1.0,True,0.014382900000001086
bge-m3,C10,구어체,1,1,True,True,True,1.0,True,0.01577169999999839
bge-m3,T01,오타,1,1,True,True,True,1.0,True,0.014578900000000061
bge-m3,T02,오타,1,1,True,True,True,1.0,True,0.017085800000000262
bge-m3,T03,오타,1,1,True,True,True,1.0,True,0.015495200000000153
bge-m3,T04,오타,1,1,True,True,True,1.0,True,0.015680299999999647
bge-m3,T05,오타,1,1,True,True,True,1.0,True,0.015466100000001148
bge-m3,T06,오타,1,1,True,True,True,1.0,True,0.015638800000001396
bge-m3,T07,오타,1,1,True,True,True,1.0,True,0.01729219999999998
bge-m3,T08,오타,1,1,True,True,True,1.0,True,0.016224399999998695
bge-m3,T09,오타,1,1,True,True,True,1.0,True,0.016573099999998675
bge-m3,T10,오타,1,1,True,True,True,1.0,True,0.01695879999999761
bge-m3,L01,긴질문,2,2,False,True,True,0.5,True,0.024342199999999536
bge-m3,L02,긴질문,4,4,False,False,True,0.25,True,0.025438000000001182
bge-m3,L03,긴질문,1,1,True,True,True,1.0,True,0.03155630000000187
bge-m3,L04,긴질문,1,1,True,True,True,1.0,True,0.025789899999999477
bge-m3,L05,긴질문,1,1,True,True,True,1.0,True,0.027465600000002865
bge-m3,L06,긴질문,2,2,False,True,True,0.5,True,0.025722500000000537
bge-m3,L07,긴질문,1,1,True,True,True,1.0,True,0.026570599999999445
bge-m3,L08,긴질문,1,1,True,True,True,1.0,True,0.035117700000000696
bge-m3,L09,긴질문,1,1,True,True,True,1.0,True,0.027504500000002707
bge-m3,L10,긴질문,1,1,True,True,True,1.0,True,0.028087599999999213
multilingual-e5-large,E01,Easy,1,1,True,True,True,1.0,True,0.012465800000001082
multilingual-e5-large,E02,Easy,9,9,False,False,False,0.1111111111111111,True,0.011815599999998483
multilingual-e5-large,E03,Easy,1,1,True,True,True,1.0,True,0.01153060000000039
multilingual-e5-large,E04,Easy,2,2,False,True,True,0.5,True,0.011153300000003696
multilingual-e5-large,E05,Easy,1,1,True,True,True,1.0,True,0.011188699999998164
multilingual-e5-large,E06,Easy,1,1,True,True,True,1.0,True,0.01134850000000398
multilingual-e5-large,E07,Easy,1,1,True,True,True,1.0,True,0.011274100000001397
multilingual-e5-large,E08,Easy,1,1,True,True,True,1.0,True,0.01136910000000313
multilingual-e5-large,E10,Easy,1,1,True,True,True,1.0,True,0.011594799999997463
multilingual-e5-large,M01,Medium,21,21,False,False,False,0.047619047619047616,True,0.01140050000000059
multilingual-e5-large,M02,Medium,3,3,False,True,True,0.3333333333333333,False,0.012031199999995579
multilingual-e5-large,M03,Medium,1,1,True,True,True,1.0,True,0.011406600000000822
multilingual-e5-large,M04,Medium,1,1,True,True,True,1.0,True,0.011309699999998202
multilingual-e5-large,M05,Medium,30,30,False,False,False,0.03333333333333333,True,0.011112400000001799
multilingual-e5-large,M06,Medium,7,7,False,False,False,0.14285714285714285,False,0.011161300000004815
multilingual-e5-large,M07,Medium,1,1,True,True,True,1.0,True,0.011240399999998374
multilingual-e5-large,M08,Medium,1,1,True,True,True,1.0,True,0.011602299999999843
multilingual-e5-large,M10,Medium,2,2,False,True,True,0.5,False,0.011090200000005268
multilingual-e5-large,H01,Hard,25,41,False,False,False,0.04,False,0.011294800000001715
multilingual-e5-large,H02,Hard,7,34,False,False,False,0.14285714285714285,False,0.011261100000005797
multilingual-e5-large,H03,Hard,3,17,False,True,True,0.3333333333333333,False,0.011866599999997618
multilingual-e5-large,H04,Hard,1,2,True,True,True,1.0,True,0.012445100000000764
multilingual-e5-large,H05,Hard,2,12,False,True,True,0.5,False,0.01257100000000122
multilingual-e5-large,H06,Hard,1,17,True,True,True,1.0,True,0.0136066000000028
multilingual-e5-large,H07,Hard,1,2,True,True,True,1.0,True,0.012624799999997549
multilingual-e5-large,H08,Hard,4,4,False,False,True,0.25,False,0.01290339999999901
multilingual-e5-large,H10,Hard,1,60,True,True,True,1.0,True,0.015182400000000484
multilingual-e5-large,C01,구어체,1,1,True,True,True,1.0,True,0.013160299999995573
multilingual-e5-large,C02,구어체,1,1,True,True,True,1.0,True,0.013126100000000918
multilingual-e5-large,C03,구어체,1,1,True,True,True,1.0,True,0.014184900000003609
multilingual-e5-large,C04,구어체,1,1,True,True,True,1.0,True,0.014962100000005307
multilingual-e5-large,C05,구어체,1,1,True,True,True,1.0,True,0.015195600000005527
multilingual-e5-large,C06,구어체,1,1,True,True,True,1.0,True,0.014540599999996573
multilingual-e5-large,C07,구어체,1,1,True,True,True,1.0,True,0.014911800000000142
multilingual-e5-large,C08,구어체,1,1,True,True,True,1.0,True,0.015096100000000945
multilingual-e5-large,C09,구어체,1,1,True,True,True,1.0,True,0.014269099999999924
multilingual-e5-large,C10,구어체,1,1,True,True,True,1.0,True,0.014332099999997183
multilingual-e5-large,T01,오타,5,5,False,False,True,0.2,True,0.014839200000004382
multilingual-e5-large,T02,오타,1,1,True,True,True,1.0,True,0.014870899999998244
multilingual-e5-large,T03,오타,1,1,True,True,True,1.0,True,0.015262300000003393
multilingual-e5-large,T04,오타,1,1,True,True,True,1.0,True,0.017101699999997777
multilingual-e5-large,T05,오타,1,1,True,True,True,1.0,True,0.015693200000001184
multilingual-e5-large,T06,오타,1,1,True,True,True,1.0,True,0.015715899999996452
multilingual-e5-large,T07,오타,1,1,True,True,True,1.0,True,0.016343300000002614
multilingual-e5-large,T08,오타,1,1,True,True,True,1.0,True,0.01640000000000441
multilingual-e5-large,T09,오타,1,1,True,True,True,1.0,True,0.0167707999999962
multilingual-e5-large,T10,오타,1,1,True,True,True,1.0,True,0.017216699999998752
multilingual-e5-large,L01,긴질문,1,1,True,True,True,1.0,True,0.025742700000002117
multilingual-e5-large,L02,긴질문,5,5,False,False,True,0.2,False,0.024699300000001756
multilingual-e5-large,L03,긴질문,2,1,False,True,True,0.5,False,0.032706599999997366
multilingual-e5-large,L04,긴질문,1,1,True,True,True,1.0,True,0.027860599999996793
multilingual-e5-large,L05,긴질문,1,1,True,True,True,1.0,True,0.02597700000000458
multilingual-e5-large,L06,긴질문,71,71,False,False,False,0.014084507042253521,False,0.02588320000000266
multilingual-e5-large,L07,긴질문,1,1,True,True,True,1.0,True,0.0283276999999984
multilingual-e5-large,L08,긴질문,1,1,True,True,True,1.0,True,0.03365439999999609
multilingual-e5-large,L09,긴질문,1,1,True,True,True,1.0,True,0.027578299999994726
multilingual-e5-large,L10,긴질문,1,1,True,True,True,1.0,True,0.027634400000003723
embeddinggemma,E01,Easy,1,1,True,True,True,1.0,True,0.03748170000000073
embeddinggemma,E02,Easy,1,1,True,True,True,1.0,True,0.03255389999999636
embeddinggemma,E03,Easy,1,1,True,True,True,1.0,True,0.03233110000000039
embeddinggemma,E04,Easy,2,2,False,True,True,0.5,True,0.032319399999998666
embeddinggemma,E05,Easy,1,1,True,True,True,1.0,True,0.03220560000000461
embeddinggemma,E06,Easy,1,1,True,True,True,1.0,True,0.03215939999999762
embeddinggemma,E07,Easy,1,1,True,True,True,1.0,True,0.03251070000000311
embeddinggemma,E08,Easy,1,1,True,True,True,1.0,True,0.0322117999999989
embeddinggemma,E10,Easy,1,1,True,True,True,1.0,True,0.03225289999999603
embeddinggemma,M01,Medium,45,45,False,False,False,0.022222222222222223,True,0.03232950000000301
embeddinggemma,M02,Medium,7,7,False,False,False,0.14285714285714285,False,0.03265989999999874
embeddinggemma,M03,Medium,1,1,True,True,True,1.0,True,0.0321669
embeddinggemma,M04,Medium,3,3,False,True,True,0.3333333333333333,True,0.03517680000000212
embeddinggemma,M05,Medium,26,26,False,False,False,0.038461538461538464,False,0.03226089999999715
embeddinggemma,M06,Medium,3,3,False,True,True,0.3333333333333333,False,0.032245899999999494
embeddinggemma,M07,Medium,1,1,True,True,True,1.0,True,0.03193319999999744
embeddinggemma,M08,Medium,1,1,True,True,True,1.0,True,0.031881900000001906
embeddinggemma,M10,Medium,2,2,False,True,True,0.5,False,0.03218129999999775
embeddinggemma,H01,Hard,29,105,False,False,False,0.034482758620689655,False,0.03191530000000142
embeddinggemma,H02,Hard,22,29,False,False,False,0.045454545454545456,False,0.031322899999999265
embeddinggemma,H03,Hard,1,15,True,True,True,1.0,True,0.03194980000000669
embeddinggemma,H04,Hard,6,1,False,False,False,0.16666666666666666,False,0.03129859999999951
embeddinggemma,H05,Hard,1,3,True,True,True,1.0,True,0.03156169999999747
embeddinggemma,H06,Hard,1,10,True,True,True,1.0,True,0.03125010000000117
embeddinggemma,H07,Hard,2,1,False,True,True,0.5,True,0.031427800000003
embeddinggemma,H08,Hard,1,1,True,True,True,1.0,True,0.03155739999999696
embeddinggemma,H10,Hard,1,36,True,True,True,1.0,True,0.031424600000001135
embeddinggemma,C01,구어체,1,1,True,True,True,1.0,True,0.03136590000000439
embeddinggemma,C02,구어체,1,1,True,True,True,1.0,True,0.031363899999995226
embeddinggemma,C03,구어체,1,1,True,True,True,1.0,True,0.03143010000000146
embeddinggemma,C04,구어체,1,1,True,True,True,1.0,True,0.032562200000000985
embeddinggemma,C05,구어체,1,1,True,True,True,1.0,True,0.03139399999999881
embeddinggemma,C06,구어체,1,1,True,True,True,1.0,True,0.031338599999997996
embeddinggemma,C07,구어체,1,1,True,True,True,1.0,True,0.03101069999999595
embeddinggemma,C08,구어체,1,1,True,True,True,1.0,True,0.03091930000000076
embeddinggemma,C09,구어체,1,1,True,True,True,1.0,True,0.030636399999998787
embeddinggemma,C10,구어체,1,1,True,True,True,1.0,True,0.031435500000000616
embeddinggemma,T01,오타,2,2,False,True,True,0.5,False,0.03133629999999954
embeddinggemma,T02,오타,1,1,True,True,True,1.0,True,0.031308899999999085
embeddinggemma,T03,오타,2,2,False,True,True,0.5,True,0.031128999999999962
embeddinggemma,T04,오타,1,1,True,True,True,1.0,True,0.031372799999999756
embeddinggemma,T05,오타,1,1,True,True,True,1.0,True,0.031037999999995236
embeddinggemma,T06,오타,1,1,True,True,True,1.0,True,0.031112600000000157
embeddinggemma,T07,오타,1,1,True,True,True,1.0,True,0.030350800000000788
embeddinggemma,T08,오타,1,1,True,True,True,1.0,True,0.03133340000000118
embeddinggemma,T09,오타,1,1,True,True,True,1.0,True,0.03117260000000499
embeddinggemma,T10,오타,1,1,True,True,True,1.0,True,0.03141730000000109
embeddinggemma,L01,긴질문,5,5,False,False,True,0.2,True,0.031728300000004594
embeddinggemma,L02,긴질문,9,2,False,False,False,0.1111111111111111,False,0.03147599999999784
embeddinggemma,L03,긴질문,2,1,False,True,True,0.5,False,0.032460499999999115
embeddinggemma,L04,긴질문,1,1,True,True,True,1.0,True,0.03331339999999727
embeddinggemma,L05,긴질문,1,1,True,True,True,1.0,True,0.031975700000003826
embeddinggemma,L06,긴질문,9,9,False,False,False,0.1111111111111111,True,0.032117200000001844
embeddinggemma,L07,긴질문,1,1,True,True,True,1.0,True,0.03217910000000046
embeddinggemma,L08,긴질문,1,1,True,True,True,1.0,True,0.032645299999998656
embeddinggemma,L09,긴질문,1,1,True,True,True,1.0,True,0.03199469999999849
embeddinggemma,L10,긴질문,1,1,True,True,True,1.0,True,0.032362299999995514
gte-multilingual-base,E01,Easy,1,1,True,True,True,1.0,True,0.0077760000000068885
gte-multilingual-base,E02,Easy,36,36,False,False,False,0.027777777777777776,True,0.007416300000002707
gte-multilingual-base,E03,Easy,1,1,True,True,True,1.0,True,0.007418100000009531
gte-multilingual-base,E04,Easy,1,1,True,True,True,1.0,True,0.007450499999990257
gte-multilingual-base,E05,Easy,1,1,True,True,True,1.0,True,0.0073372000000091475
gte-multilingual-base,E06,Easy,1,1,True,True,True,1.0,True,0.00716099999999642
gte-multilingual-base,E07,Easy,1,1,True,True,True,1.0,True,0.007591899999994212
gte-multilingual-base,E08,Easy,1,1,True,True,True,1.0,True,0.007378600000009783
gte-multilingual-base,E10,Easy,1,1,True,True,True,1.0,True,0.0075748999999945
gte-multilingual-base,M01,Medium,12,12,False,False,False,0.08333333333333333,True,0.007490599999997016
gte-multilingual-base,M02,Medium,3,3,False,True,True,0.3333333333333333,False,0.007331899999996949
gte-multilingual-base,M03,Medium,1,1,True,True,True,1.0,True,0.0071817999999979065
gte-multilingual-base,M04,Medium,4,4,False,False,True,0.25,True,0.007058800000010024
gte-multilingual-base,M05,Medium,37,37,False,False,False,0.02702702702702703,False,0.00690190000000257
gte-multilingual-base,M06,Medium,4,4,False,False,True,0.25,True,0.0069370000000077425
gte-multilingual-base,M07,Medium,1,1,True,True,True,1.0,True,0.0068735999999915975
gte-multilingual-base,M08,Medium,1,1,True,True,True,1.0,True,0.007164900000006469
gte-multilingual-base,M10,Medium,3,3,False,True,True,0.3333333333333333,False,0.007603900000006547
gte-multilingual-base,H01,Hard,13,16,False,False,False,0.07692307692307693,True,0.006983100000013565
gte-multilingual-base,H02,Hard,23,40,False,False,False,0.043478260869565216,False,0.00688550000000987
gte-multilingual-base,H03,Hard,12,11,False,False,False,0.08333333333333333,False,0.007196699999994394
gte-multilingual-base,H04,Hard,2,1,False,True,True,0.5,True,0.007221600000008266
gte-multilingual-base,H05,Hard,3,6,False,True,True,0.3333333333333333,True,0.0070832999999908
gte-multilingual-base,H06,Hard,2,18,False,True,True,0.5,True,0.00723670000000709
gte-multilingual-base,H07,Hard,4,1,False,False,True,0.25,True,0.007129700000007233
gte-multilingual-base,H08,Hard,1,1,True,True,True,1.0,True,0.0067257000000040534
gte-multilingual-base,H10,Hard,1,16,True,True,True,1.0,True,0.00702960000000985
gte-multilingual-base,C01,구어체,1,1,True,True,True,1.0,True,0.006764399999994453
gte-multilingual-base,C02,구어체,1,1,True,True,True,1.0,True,0.007516899999998827
gte-multilingual-base,C03,구어체,1,1,True,True,True,1.0,True,0.006683299999991732
gte-multilingual-base,C04,구어체,1,1,True,True,True,1.0,True,0.00830520000000945
gte-multilingual-base,C05,구어체,1,1,True,True,True,1.0,True,0.007060500000008574
gte-multilingual-base,C06,구어체,1,1,True,True,True,1.0,True,0.006328499999995074
gte-multilingual-base,C07,구어체,1,1,True,True,True,1.0,True,0.006731799999997179
gte-multilingual-base,C08,구어체,1,1,True,True,True,1.0,True,0.006836300000003348
gte-multilingual-base,C09,구어체,1,1,True,True,True,1.0,True,0.006181299999994394
gte-multilingual-base,C10,구어체,1,1,True,True,True,1.0,True,0.006799799999996026
gte-multilingual-base,T01,오타,2,2,False,True,True,0.5,False,0.006650600000000395
gte-multilingual-base,T02,오타,1,1,True,True,True,1.0,True,0.00694090000000358
gte-multilingual-base,T03,오타,162,162,False,False,False,0.006172839506172839,False,0.007151199999995583
gte-multilingual-base,T04,오타,1,1,True,True,True,1.0,True,0.007507899999993128
gte-multilingual-base,T05,오타,1,1,True,True,True,1.0,True,0.0067118000000050415
gte-multilingual-base,T06,오타,1,1,True,True,True,1.0,True,0.006848700000006147
gte-multilingual-base,T07,오타,1,1,True,True,True,1.0,True,0.006229900000008115
gte-multilingual-base,T08,오타,1,1,True,True,True,1.0,True,0.006709200000003079
gte-multilingual-base,T09,오타,1,1,True,True,True,1.0,True,0.006803200000007337
gte-multilingual-base,T10,오타,1,1,True,True,True,1.0,True,0.008321500000008086
gte-multilingual-base,L01,긴질문,1,1,True,True,True,1.0,True,0.010399499999991235
gte-multilingual-base,L02,긴질문,11,11,False,False,False,0.09090909090909091,True,0.01115849999999341
gte-multilingual-base,L03,긴질문,2,1,False,True,True,0.5,False,0.01471750000000327
gte-multilingual-base,L04,긴질문,1,1,True,True,True,1.0,True,0.01177640000000224
gte-multilingual-base,L05,긴질문,1,1,True,True,True,1.0,True,0.011264699999998129
gte-multilingual-base,L06,긴질문,4,4,False,False,True,0.25,True,0.010645199999999022
gte-multilingual-base,L07,긴질문,1,1,True,True,True,1.0,True,0.008824300000000562
gte-multilingual-base,L08,긴질문,6,6,False,False,False,0.16666666666666666,True,0.010935500000002207
gte-multilingual-base,L09,긴질문,4,4,False,False,True,0.25,False,0.008729999999999905
gte-multilingual-base,L10,긴질문,1,1,True,True,True,1.0,True,0.008169099999989271
